/*
 Navicat Premium Data Transfer

 Source Server         : db2021
 Source Server Type    : MySQL
 Source Server Version : 80022
 Source Host           : localhost:3306
 Source Schema         : heterogeneous

 Target Server Type    : MySQL
 Target Server Version : 50199
 File Encoding         : 65001

 Date: 26/06/2021 14:48:03
*/

SET NAMES utf8;
SET FOREIGN_KEY_CHECKS = 0;

-- ----------------------------
-- Table structure for db_node
-- ----------------------------
DROP TABLE IF EXISTS `db_node`;
CREATE TABLE `db_node`  (
  `link` int(0) NOT NULL,
  `dbtype` varchar(255) CHARACTER SET utf8 COLLATE utf8_general_ci DEFAULT NULL,
  `url` varchar(255) CHARACTER SET utf8 COLLATE utf8_general_ci DEFAULT NULL,
  `username` varchar(255) CHARACTER SET utf8 COLLATE utf8_general_ci DEFAULT NULL,
  `password` varchar(255) CHARACTER SET utf8 COLLATE utf8_general_ci DEFAULT NULL,
  `dbname` varchar(255) CHARACTER SET utf8 COLLATE utf8_general_ci DEFAULT NULL,
  `port` varchar(255) CHARACTER SET utf8 COLLATE utf8_general_ci DEFAULT NULL,
  `statement` varchar(255) CHARACTER SET utf8 COLLATE utf8_general_ci DEFAULT NULL,
  PRIMARY KEY (`link`) USING BTREE,
  CONSTRAINT `db_node_ibfk_1` FOREIGN KEY (`link`) REFERENCES `node` (`id`) ON DELETE CASCADE ON UPDATE CASCADE
) ENGINE = InnoDB CHARACTER SET = utf8 COLLATE = utf8_general_ci;

-- ----------------------------
-- Records of db_node
-- ----------------------------
BEGIN;
INSERT INTO `db_node` VALUES (830, 'mysql', 'localhost', 'root', '123456', 'heterogeneous', '3306', 'select * from user'), (831, 'mysql', 'localhost', 'root', '123456', 'heterogeneous', '3306', 'select * from test'), (832, 'oracle', 'localhost', 'C##TEST', '123456', 'orcl', '1521', 'select * from \"test\"'), (833, 'mysql', 'localhost', 'root', '123456', 'heterogeneous', '3306', 'select * from test2'), (834, 'oracle', 'localhost', 'C##TEST', '123456', 'orcl', '1521', 'select * from \"CALTEST1\"'), (872, 'mysql', 'localhost', 'root', '123456', 'heterogeneous', '3306', 'select * from test2');
COMMIT;

-- ----------------------------
-- Table structure for excel_txt
-- ----------------------------
DROP TABLE IF EXISTS `excel_txt`;
CREATE TABLE `excel_txt`  (
  `id` int(0) NOT NULL,
  `txtid` int(0) NOT NULL,
  PRIMARY KEY (`id`) USING BTREE
) ENGINE = InnoDB CHARACTER SET = utf8 COLLATE = utf8_general_ci;

-- ----------------------------
-- Records of excel_txt
-- ----------------------------
BEGIN;
INSERT INTO `excel_txt` VALUES (601, 607), (669, 670), (697, 698), (701, 736), (702, 731), (722, 723), (724, 725), (730, 735), (737, 738), (739, 740), (827, 871), (830, 836), (831, 837), (832, 839), (833, 838), (834, 840), (872, 873), (874, 875);
COMMIT;

-- ----------------------------
-- Table structure for file_node
-- ----------------------------
DROP TABLE IF EXISTS `file_node`;
CREATE TABLE `file_node`  (
  `link` int(0) NOT NULL,
  `filepath` varchar(255) CHARACTER SET utf8 COLLATE utf8_general_ci DEFAULT NULL,
  PRIMARY KEY (`link`) USING BTREE,
  CONSTRAINT `file_node_ibfk_1` FOREIGN KEY (`link`) REFERENCES `node` (`id`) ON DELETE CASCADE ON UPDATE CASCADE
) ENGINE = InnoDB CHARACTER SET = utf8 COLLATE = utf8_general_ci;

-- ----------------------------
-- Records of file_node
-- ----------------------------
BEGIN;
INSERT INTO `file_node` VALUES (463, 'D:\\study\\testPic\\tomato.PNG'), (465, 'D:\\study\\testPic\\tiger.PNG'), (507, 'D:\\study\\testPic\\cat1.PNG'), (607, 'D:\\study\\testFile\\num.txt'), (670, 'D:\\study\\testFile\\t1.txt'), (698, 'D:\\study\\testFile\\num.txt'), (723, 'server:fadee12a7bc847adb6d1fb1e8bb9146a_数学成绩.txt'), (725, 'D:\\study\\testFile\\数学成绩.txt'), (731, 'D:\\study\\testFile\\dbtable5429.txt'), (735, 'D:\\study\\testFile\\dbtable1405.txt'), (736, 'D:\\study\\testFile\\dbtable5083.txt'), (738, 'D:\\study\\testFile\\dbtable8432.txt'), (740, 'D:\\study\\testFile\\dbtable5813.txt'), (800, 'D:\\study\\testPic\\cat1.PNG'), (801, 'D:\\study\\testPic\\dog.PNG'), (802, 'D:\\study\\testPic\\eagle.PNG'), (803, 'D:\\study\\testPic\\tiger.PNG'), (806, 'D:\\study\\testPic\\apple.jpg'), (807, 'D:\\study\\testVideo\\waterMelonVideo.mp4'), (808, 'D:\\study\\testPic\\cherry.PNG'), (809, 'D:\\study\\testPic\\coco.PNG'), (810, 'D:\\study\\testPic\\strawberry.PNG'), (811, 'D:\\study\\testPic\\blueberry.PNG'), (812, 'D:\\study\\testPic\\banana.PNG'), (813, 'D:\\study\\testPic\\tangerine.PNG'), (814, 'D:\\study\\testPic\\mango.PNG'), (815, 'D:\\study\\testPic\\pomegranate.PNG'), (817, 'D:\\study\\testPic\\cabbage.PNG'), (818, 'D:\\study\\testPic\\corn.PNG'), (819, 'D:\\study\\testPic\\potato.PNG'), (820, 'D:\\study\\testPic\\garlic.PNG'), (821, 'D:\\study\\testPic\\tomato.PNG'), (826, 'server:3c0c91a112d3426abb3fd51137ed8ac3_语文成绩.txt'), (827, 'D:\\study\\testFile\\数学成绩.xlsx'), (828, 'D:\\study\\testFile\\计算机成绩.txt'), (835, 'D:\\study\\testFile\\语文成绩.txt'), (836, 'D:\\study\\testFile\\dbtable5479.txt'), (837, 'D:\\study\\testFile\\dbtable5895.txt'), (838, 'D:\\study\\testFile\\dbtable3695.txt'), (839, 'D:\\study\\testFile\\dbtable5348.txt'), (840, 'D:\\study\\testFile\\dbtable916.txt'), (844, 'D:\\study\\testFile\\语文成绩.txt'), (845, 'D:\\study\\testFile\\语文成绩.txt'), (846, 'D:\\study\\testFile\\语文成绩.txt'), (847, 'D:\\study\\testFile\\语文成绩.txt'), (849, 'D:\\study\\testPic\\cabbage.PNG'), (850, 'D:\\study\\testPic\\corn.PNG'), (851, 'D:\\study\\testPic\\potato.PNG'), (852, 'D:\\study\\testPic\\garlic.PNG'), (853, 'D:\\study\\testPic\\tomato.PNG'), (855, 'D:\\study\\testPic\\cabbage.PNG'), (856, 'D:\\study\\testPic\\corn.PNG'), (857, 'D:\\study\\testPic\\potato.PNG'), (858, 'D:\\study\\testPic\\garlic.PNG'), (859, 'D:\\study\\testPic\\tomato.PNG'), (861, 'D:\\study\\testPic\\cabbage.PNG'), (862, 'D:\\study\\testPic\\corn.PNG'), (863, 'D:\\study\\testPic\\potato.PNG'), (864, 'D:\\study\\testPic\\garlic.PNG'), (865, 'D:\\study\\testPic\\tomato.PNG'), (866, 'D:\\study\\testVideo\\waterMelonVideo.mp4'), (867, 'D:\\study\\testVideo\\waterMelonVideo.mp4'), (868, 'D:\\study\\testPic\\tangerine.PNG'), (869, 'D:\\study\\testFile\\语文成绩.txt'), (870, 'D:\\study\\testPic\\eagle.PNG'), (871, 'D:\\study\\testFile\\数学成绩.txt'), (873, 'D:\\study\\testFile\\dbtable7663.txt'), (875, 'D:\\study\\testFile\\dbtable7123.txt');
COMMIT;

-- ----------------------------
-- Table structure for intermediate_result
-- ----------------------------
DROP TABLE IF EXISTS `intermediate_result`;
CREATE TABLE `intermediate_result`  (
  `mid` int(0) NOT NULL AUTO_INCREMENT,
  `interm_res` varchar(255) CHARACTER SET utf8 COLLATE utf8_general_ci DEFAULT NULL,
  `interm_time` varchar(255) CHARACTER SET utf8 COLLATE utf8_general_ci DEFAULT NULL,
  PRIMARY KEY (`mid`) USING BTREE
) ENGINE = InnoDB AUTO_INCREMENT = 1 CHARACTER SET = utf8 COLLATE = utf8_general_ci;

-- ----------------------------
-- Records of intermediate_result
-- ----------------------------
BEGIN;
INSERT INTO `intermediate_result` VALUES (1, '59.0,82.0,23.0,2.0,4.0,3.0,3.0,4.0,13.0,5.0,8.0,14.0', '2021-06-18 16:36:36');
COMMIT;

-- ----------------------------
-- Table structure for log
-- ----------------------------
DROP TABLE IF EXISTS `log`;
CREATE TABLE `log`  (
  `log_id` int(0) NOT NULL AUTO_INCREMENT,
  `log_time` varchar(255) CHARACTER SET utf8 COLLATE utf8_general_ci DEFAULT NULL,
  `creator` varchar(255) CHARACTER SET utf8 COLLATE utf8_general_ci DEFAULT NULL,
  `operation` varchar(255) CHARACTER SET utf8 COLLATE utf8_general_ci DEFAULT NULL,
  `log_type` int(0) DEFAULT NULL,
  PRIMARY KEY (`log_id`) USING BTREE
) ENGINE = InnoDB AUTO_INCREMENT = 7592 CHARACTER SET = utf8 COLLATE = utf8_general_ci;

-- ----------------------------
-- Records of log
-- ----------------------------
BEGIN;
INSERT INTO `log` VALUES (7199, '2021-06-24 20:05:20', 'tom', 'tom用户登录成功', 0), (7200, '2021-06-24 20:05:29', 'tom', 'tom展开结点:ROOT', 1), (7201, '2021-06-24 20:05:30', 'tom', 'tom展开结点:ROOT/系统公有数据', 1), (7202, '2021-06-24 20:05:32', 'tom', 'tom展开结点:ROOT/系统公有数据/动物', 1), (7203, '2021-06-24 20:05:33', 'tom', '获取文件:ROOT/系统公有数据/动物/狗的内容', 1), (7204, '2021-06-24 20:05:35', 'tom', 'tom展开结点:ROOT/系统公有数据/植物', 1), (7205, '2021-06-24 20:05:36', 'tom', 'tom展开结点:ROOT/系统公有数据/植物/水果文件', 1), (7206, '2021-06-24 20:05:37', 'tom', '获取文件:ROOT/系统公有数据/动物/狗的内容', 1), (7207, '2021-06-24 20:05:37', 'tom', '获取文件:ROOT/系统公有数据/植物/水果文件/椰子的内容', 1), (7208, '2021-06-24 20:05:37', 'tom', '获取文件:ROOT/系统公有数据/植物/水果文件/蓝莓的内容', 1), (7209, '2021-06-24 20:05:38', 'tom', 'tom展开结点:ROOT/被授权数据(私有)', 1), (7210, '2021-06-24 20:05:39', 'tom', '获取文件:ROOT/系统公有数据/植物/水果文件/蓝莓的内容', 1), (7211, '2021-06-24 20:05:39', 'tom', '获取文件:ROOT/被授权数据(私有)/西瓜的视频的内容', 1), (7212, '2021-06-24 20:06:00', 'super', 'super用户登录成功', 0), (7213, '2021-06-24 20:06:02', 'super', 'super展开结点:ROOT', 1), (7214, '2021-06-24 20:06:04', 'super', '接受授权数据ROOT/被授权数据(私有)/语文成绩1', 0), (7215, '2021-06-24 20:06:05', 'super', 'super展开结点:ROOT', 1), (7216, '2021-06-24 20:06:06', 'super', 'super展开结点:ROOT/被授权数据(私有)', 1), (7217, '2021-06-24 20:06:07', 'super', '获取文件:ROOT/被授权数据(私有)/语文成绩1的内容', 1), (7218, '2021-06-24 20:06:18', 'super', 'super展开结点:ROOT/被授权数据(私有)/蔬菜文件', 1), (7219, '2021-06-24 20:06:18', 'super', '获取文件:ROOT/被授权数据(私有)/语文成绩1的内容', 1), (7220, '2021-06-24 20:06:18', 'super', '获取文件:ROOT/被授权数据(私有)/蔬菜文件/白菜的内容', 1), (7221, '2021-06-24 20:06:19', 'super', '获取文件:ROOT/被授权数据(私有)/蔬菜文件/玉米的内容', 1), (7222, '2021-06-24 20:06:19', 'super', '获取文件:ROOT/被授权数据(私有)/蔬菜文件/土豆的内容', 1), (7223, '2021-06-24 20:06:20', 'super', '获取文件:ROOT/被授权数据(私有)/蔬菜文件/大蒜的内容', 1), (7224, '2021-06-24 20:06:20', 'super', '获取文件:ROOT/被授权数据(私有)/蔬菜文件/西红柿的内容', 1), (7225, '2021-06-24 20:06:21', 'super', '获取文件:ROOT/被授权数据(私有)/橘子的内容', 1), (7226, '2021-06-24 20:07:18', 'Bob1', 'Bob1用户登录成功', 0), (7227, '2021-06-24 20:07:20', 'Bob1', 'Bob1展开结点:ROOT', 1), (7228, '2021-06-24 20:07:22', 'Bob1', 'Bob1展开结点:ROOT/系统公有数据', 1), (7229, '2021-06-24 20:07:23', 'Bob1', 'Bob1展开结点:ROOT/系统公有数据/动物', 1), (7230, '2021-06-24 20:07:26', 'Bob1', 'Bob1展开结点:ROOT/系统公有数据/教师文件', 1), (7231, '2021-06-24 20:07:30', 'Bob1', 'Bob1展开结点:ROOT/被授权数据(私有)', 1), (7232, '2021-06-24 20:07:34', 'Bob1', 'Bob1展开结点:ROOT/系统公有数据/植物', 1), (7233, '2021-06-24 20:07:41', 'Bob1', '获取数据库:ROOT/系统公有数据/教师文件/test2DB的内容', 1), (7234, '2021-06-24 20:07:42', 'Bob1', '获取数据库:ROOT/系统公有数据/教师文件/test2DB的内容', 1), (7235, '2021-06-24 20:07:42', 'Bob1', '获取文件:ROOT/系统公有数据/教师文件/语文成绩1的内容', 1), (7236, '2021-06-24 20:07:43', 'Bob1', '获取数据库:ROOT/系统公有数据/教师文件/orDBtest1的内容', 1), (7237, '2021-06-24 20:07:43', 'Bob1', '获取数据库:ROOT/系统公有数据/教师文件/orDBtest1的内容', 1), (7238, '2021-06-24 20:07:45', 'Bob1', '获取数据库:ROOT/系统公有数据/教师文件/test2DB的内容', 1), (7239, '2021-06-24 20:07:46', 'Bob1', '获取数据库:ROOT/系统公有数据/教师文件/oraDB1的内容', 1), (7240, '2021-06-24 20:08:00', 'tom', 'tom展开结点:ROOT/系统公有数据/教师文件', 1), (7241, '2021-06-24 20:08:03', 'tom', '获取数据库:ROOT/系统公有数据/教师文件/test2DB的内容', 1), (7242, '2021-06-24 20:08:04', 'tom', '访问权限管理列表', 0), (7243, '2021-06-24 20:08:17', 'tom', '对:ROOT/系统公有数据/教师文件/test2DB授权', 0), (7244, '2021-06-24 20:08:17', 'tom', '访问权限管理列表', 0), (7245, '2021-06-24 20:08:22', 'tom', '访问权限管理列表', 0), (7246, '2021-06-24 20:08:29', 'Bob1', 'Bob1用户登录成功', 0), (7247, '2021-06-24 20:08:32', 'Bob1', 'Bob1展开结点:ROOT', 1), (7248, '2021-06-24 20:08:33', 'Bob1', '接受授权数据ROOT/被授权数据(私有)/test2DB', 0), (7249, '2021-06-24 20:08:34', 'Bob1', 'Bob1展开结点:ROOT', 1), (7250, '2021-06-24 20:08:36', 'Bob1', 'Bob1展开结点:ROOT/被授权数据(私有)', 1), (7251, '2021-06-24 20:08:37', 'Bob1', '获取数据库:ROOT/被授权数据(私有)/test2DB的内容', 1), (7252, '2021-06-24 20:09:02', 'Bob1', '访问权限管理列表', 0), (7253, '2021-06-24 20:09:10', 'Bob1', '对:ROOT/被授权数据(私有)/test2DB授权', 0), (7254, '2021-06-24 20:09:10', 'Bob1', '访问权限管理列表', 0), (7255, '2021-06-24 20:09:11', 'Bob1', '访问权限管理列表', 0), (7256, '2021-06-24 20:09:24', 'super', 'super用户登录成功', 0), (7257, '2021-06-24 20:09:26', 'super', 'super展开结点:ROOT', 1), (7258, '2021-06-24 20:09:28', 'super', '接受授权数据ROOT/被授权数据(私有)/test2DB', 0), (7259, '2021-06-24 20:09:29', 'super', 'super展开结点:ROOT', 1), (7260, '2021-06-24 20:09:31', 'super', 'super展开结点:ROOT/被授权数据(私有)', 1), (7261, '2021-06-24 20:09:33', 'super', '获取数据库:ROOT/被授权数据(私有)/test2DB的内容', 1), (7262, '2021-06-24 20:09:57', 'Bob1', '访问权限管理列表', 0), (7263, '2021-06-24 20:10:03', 'Bob1', '撤销ROOT/被授权数据(私有)/test2DB数据授权', 0), (7264, '2021-06-24 20:10:04', 'Bob1', '访问权限管理列表', 0), (7265, '2021-06-24 20:10:07', 'tom', '获取数据库:ROOT/系统公有数据/教师文件/test2DB的内容', 1), (7266, '2021-06-24 20:10:07', 'tom', '获取文件:ROOT/系统公有数据/植物/水果文件/椰子的内容', 1), (7267, '2021-06-24 20:10:22', 'super', 'super展开结点:ROOT', 1), (7268, '2021-06-24 20:10:23', 'super', 'super展开结点:ROOT/被授权数据(私有)', 1), (7269, '2021-06-24 20:10:24', 'super', 'super展开结点:ROOT/系统公有数据', 1), (7270, '2021-06-24 20:10:32', 'super', '访问权限管理列表', 0), (7271, '2021-06-24 20:10:41', 'super', '访问权限管理列表', 0), (7272, '2021-06-24 20:11:14', 'tom', '获取数据库:ROOT/系统公有数据/教师文件/orDBtest1的内容', 1), (7273, '2021-06-24 20:11:17', 'tom', '获取数据库:ROOT/系统公有数据/教师文件/test2DB的内容', 1), (7274, '2021-06-24 20:11:18', 'tom', '获取数据库:ROOT/系统公有数据/教师文件/test2DB的内容', 1), (7275, '2021-06-24 20:11:30', 'tom', '获取数据库:ROOT/系统公有数据/教师文件/oraDB1的内容', 1), (7276, '2021-06-24 20:11:32', 'tom', '获取数据库:ROOT/系统公有数据/教师文件/oraDB1的内容', 1), (7277, '2021-06-24 20:11:33', 'tom', '获取数据库:ROOT/系统公有数据/教师文件/orDBtest1的内容', 1), (7278, '2021-06-24 20:11:40', 'tom', '获取数据库:ROOT/系统公有数据/教师文件/test2DB的内容', 1), (7279, '2021-06-24 20:11:42', 'tom', '获取数据库:ROOT/系统公有数据/教师文件/orDBtest1的内容', 1), (7280, '2021-06-24 20:11:54', 'tom', '获取数据库:ROOT/系统公有数据/教师文件/orDBtest1的内容', 1), (7281, '2021-06-24 20:11:56', 'tom', '获取数据库:ROOT/系统公有数据/教师文件/orDBtest1的内容', 1), (7282, '2021-06-24 20:14:00', 'tom', '对ROOT/系统公有数据/教师文件/orDBtest1进行管道式操作', 1), (7283, '2021-06-24 20:14:35', 'tom', '对ROOT/系统公有数据/教师文件/orDBtest1进行求和操作', 1), (7284, '2021-06-24 20:14:58', 'tom', '对ROOT/系统公有数据/教师文件/orDBtest1进行均值操作', 1), (7285, '2021-06-24 20:15:08', 'tom', '对ROOT/系统公有数据/教师文件/orDBtest1进行找最大值操作', 1), (7286, '2021-06-24 20:15:21', 'tom', '对ROOT/系统公有数据/教师文件/orDBtest1进行找最小值操作', 1), (7287, '2021-06-24 20:15:36', 'tom', '对ROOT/系统公有数据/教师文件/orDBtest1进行找最小值操作', 1), (7288, '2021-06-24 20:15:54', 'tom', '对ROOT/系统公有数据/教师文件/orDBtest1进行找最小值操作', 1), (7289, '2021-06-24 20:35:03', 'tom', 'tom用户登录成功', 0), (7290, '2021-06-24 20:35:04', 'tom', 'tom展开结点:ROOT', 1), (7291, '2021-06-24 20:35:06', 'tom', 'tom展开结点:ROOT/系统公有数据', 1), (7292, '2021-06-24 20:35:07', 'tom', 'tom展开结点:ROOT/系统公有数据/教师文件', 1), (7293, '2021-06-24 20:35:11', 'tom', '获取数据库:ROOT/系统公有数据/教师文件/test2DB的内容', 1), (7294, '2021-06-24 20:35:11', 'tom', '获取数据库:ROOT/系统公有数据/教师文件/orDBtest1的内容', 1), (7295, '2021-06-24 20:35:50', 'tom', '获取数据库:ROOT/系统公有数据/教师文件/test2DB的内容', 1), (7296, '2021-06-24 20:35:51', 'tom', '获取数据库:ROOT/系统公有数据/教师文件/orDBtest1的内容', 1), (7297, '2021-06-24 20:35:51', 'tom', '获取数据库:ROOT/系统公有数据/教师文件/test2DB的内容', 1), (7298, '2021-06-24 20:35:52', 'tom', '获取数据库:ROOT/系统公有数据/教师文件/test2DB的内容', 1), (7299, '2021-06-24 20:35:58', 'tom', '获取数据库:ROOT/系统公有数据/教师文件/test2DB的内容', 1), (7300, '2021-06-24 20:35:58', 'tom', '获取数据库:ROOT/系统公有数据/教师文件/test2DB的内容', 1), (7301, '2021-06-24 20:36:00', 'tom', '获取数据库:ROOT/系统公有数据/教师文件/oraDB1的内容', 1), (7302, '2021-06-24 20:36:01', 'tom', '获取数据库:ROOT/系统公有数据/教师文件/oraDB1的内容', 1), (7303, '2021-06-24 20:36:02', 'tom', '获取数据库:ROOT/系统公有数据/教师文件/test2DB的内容', 1), (7304, '2021-06-24 20:36:03', 'tom', '获取数据库:ROOT/系统公有数据/教师文件/test2DB的内容', 1), (7305, '2021-06-24 20:36:03', 'tom', '获取数据库:ROOT/系统公有数据/教师文件/test2DB的内容', 1), (7306, '2021-06-24 20:36:04', 'tom', '获取数据库:ROOT/系统公有数据/教师文件/test2DB的内容', 1), (7307, '2021-06-24 20:36:04', 'tom', '获取数据库:ROOT/系统公有数据/教师文件/test2DB的内容', 1), (7308, '2021-06-24 20:36:04', 'tom', '获取数据库:ROOT/系统公有数据/教师文件/test2DB的内容', 1), (7309, '2021-06-24 20:36:05', 'tom', '获取数据库:ROOT/系统公有数据/教师文件/orDBtest1的内容', 1), (7310, '2021-06-24 20:36:06', 'tom', '获取数据库:ROOT/系统公有数据/教师文件/orDBtest1的内容', 1), (7311, '2021-06-24 20:36:17', 'tom', '对ROOT/系统公有数据/教师文件/orDBtest1进行找最小值操作', 1), (7312, '2021-06-24 20:36:33', 'tom', '对ROOT/系统公有数据/教师文件/orDBtest1进行找最小值操作', 1), (7313, '2021-06-24 20:36:44', 'tom', '对ROOT/系统公有数据/教师文件/orDBtest1进行找最小值操作', 1), (7314, '2021-06-24 20:38:55', 'tom', 'tom用户登录成功', 0), (7315, '2021-06-24 20:38:56', 'tom', 'tom展开结点:ROOT', 1), (7316, '2021-06-24 20:38:57', 'tom', 'tom展开结点:ROOT/系统公有数据', 1), (7317, '2021-06-24 20:38:59', 'tom', 'tom展开结点:ROOT/系统公有数据/教师文件', 1), (7318, '2021-06-24 20:39:01', 'tom', '获取数据库:ROOT/系统公有数据/教师文件/orDBtest1的内容', 1), (7319, '2021-06-24 20:39:01', 'tom', '获取数据库:ROOT/系统公有数据/教师文件/orDBtest1的内容', 1), (7320, '2021-06-24 20:39:21', 'tom', '获取文件:ROOT/系统公有数据/教师文件/语文成绩1的内容', 1), (7321, '2021-06-24 20:39:21', 'tom', '获取文件:ROOT/系统公有数据/教师文件/语文成绩1的内容', 1), (7322, '2021-06-24 20:39:21', 'tom', '获取数据库:ROOT/系统公有数据/教师文件/orDBtest1的内容', 1), (7323, '2021-06-24 20:39:21', 'tom', '获取数据库:ROOT/系统公有数据/教师文件/orDBtest1的内容', 1), (7324, '2021-06-24 20:39:22', 'tom', '获取数据库:ROOT/系统公有数据/教师文件/orDBtest1的内容', 1), (7325, '2021-06-24 20:39:23', 'tom', '获取数据库:ROOT/系统公有数据/教师文件/orDBtest1的内容', 1), (7326, '2021-06-24 20:39:24', 'tom', '获取数据库:ROOT/系统公有数据/教师文件/test2DB的内容', 1), (7327, '2021-06-24 20:39:25', 'tom', '获取数据库:ROOT/系统公有数据/教师文件/orDBtest1的内容', 1), (7328, '2021-06-24 20:39:34', 'tom', '对ROOT/系统公有数据/教师文件/orDBtest1进行找最小值操作', 1), (7329, '2021-06-24 20:39:51', 'tom', '对ROOT/系统公有数据/教师文件/orDBtest1进行找最大值操作', 1), (7330, '2021-06-24 20:39:57', 'tom', '获取文件:ROOT/系统公有数据/教师文件/语文成绩1的内容', 1), (7331, '2021-06-24 20:39:57', 'tom', '获取文件:ROOT/系统公有数据/教师文件/语文成绩1的内容', 1), (7332, '2021-06-24 20:39:57', 'tom', '获取数据库:ROOT/系统公有数据/教师文件/orDBtest1的内容', 1), (7333, '2021-06-24 20:39:57', 'tom', '获取数据库:ROOT/系统公有数据/教师文件/orDBtest1的内容', 1), (7334, '2021-06-24 20:39:58', 'tom', '获取文件:ROOT/系统公有数据/教师文件/语文成绩1的内容', 1), (7335, '2021-06-24 20:39:58', 'tom', '获取数据库:ROOT/系统公有数据/教师文件/test2DB的内容', 1), (7336, '2021-06-24 20:39:59', 'tom', '获取数据库:ROOT/系统公有数据/教师文件/手动同步数据库的内容', 1), (7337, '2021-06-24 20:40:01', 'tom', '获取数据库:ROOT/系统公有数据/教师文件/手动同步数据库的内容', 1), (7338, '2021-06-24 20:40:01', 'tom', '获取数据库:ROOT/系统公有数据/教师文件/实时同步示例的内容', 1), (7339, '2021-06-24 20:40:02', 'tom', '获取数据库:ROOT/系统公有数据/教师文件/实时同步示例的内容', 1), (7340, '2021-06-24 20:40:02', 'tom', '获取数据库:ROOT/系统公有数据/教师文件/test2DB的内容', 1), (7341, '2021-06-24 20:40:03', 'tom', '获取数据库:ROOT/系统公有数据/教师文件/orDBtest1的内容', 1), (7342, '2021-06-24 20:40:03', 'tom', '获取文件:ROOT/系统公有数据/教师文件/语文成绩1的内容', 1), (7343, '2021-06-24 20:40:03', 'tom', '获取数据库:ROOT/系统公有数据/教师文件/orDBtest1的内容', 1), (7344, '2021-06-24 20:40:03', 'tom', '获取文件:ROOT/系统公有数据/教师文件/语文成绩1的内容', 1), (7345, '2021-06-24 20:40:04', 'tom', '获取数据库:ROOT/系统公有数据/教师文件/oraDB1的内容', 1), (7346, '2021-06-24 20:40:04', 'tom', '获取数据库:ROOT/系统公有数据/教师文件/oraDB1的内容', 1), (7347, '2021-06-24 20:40:05', 'tom', '获取数据库:ROOT/系统公有数据/教师文件/实时同步示例的内容', 1), (7348, '2021-06-24 20:40:06', 'tom', 'tom展开结点:ROOT/系统公有数据/学生文件', 1), (7349, '2021-06-24 20:40:08', 'tom', 'tom展开结点:ROOT/系统公有数据/学生文件/学习成绩', 1), (7350, '2021-06-24 20:40:10', 'tom', '获取数据库:ROOT/系统公有数据/教师文件/手动同步数据库的内容', 1), (7351, '2021-06-24 20:40:10', 'tom', '获取文件:ROOT/系统公有数据/学生文件/学习成绩/数学成绩.xlsx的内容', 1), (7352, '2021-06-24 20:41:11', 'tom', '获取文件:ROOT/系统公有数据/学生文件/学习成绩/数学成绩.xlsx的内容', 1), (7353, '2021-06-24 20:41:12', 'tom', '获取文件:ROOT/系统公有数据/学生文件/学习成绩/计算机成绩的内容', 1), (7354, '2021-06-24 20:41:13', 'tom', '获取文件:ROOT/系统公有数据/学生文件/学习成绩/数学成绩.xlsx的内容', 1), (7355, '2021-06-24 20:41:17', 'tom', '获取文件:ROOT/系统公有数据/学生文件/学习成绩/数学成绩.xlsx的内容', 1), (7356, '2021-06-24 20:41:33', 'tom', '对ROOT/系统公有数据/学生文件/学习成绩/数学成绩.xlsx进行管道式操作', 1), (7357, '2021-06-24 20:41:40', 'tom', '获取文件:ROOT/系统公有数据/学生文件/学习成绩/计算机成绩的内容', 1), (7358, '2021-06-24 20:41:40', 'tom', '获取文件:ROOT/系统公有数据/学生文件/学习成绩/计算机成绩的内容', 1), (7359, '2021-06-24 20:42:04', 'tom', '获取文件:ROOT/系统公有数据/学生文件/学习成绩/计算机成绩的内容', 1), (7360, '2021-06-24 20:42:04', 'tom', '获取文件:ROOT/系统公有数据/学生文件/学习成绩/计算机成绩的内容', 1), (7361, '2021-06-24 20:42:06', 'tom', '获取文件:ROOT/系统公有数据/学生文件/学习成绩/计算机成绩的内容', 1), (7362, '2021-06-24 20:42:08', 'tom', '对ROOT/系统公有数据/学生文件/学习成绩/计算机成绩进行管道式操作', 1), (7363, '2021-06-24 20:42:34', 'tom', '获取数据库:ROOT/系统公有数据/教师文件/实时同步示例的内容', 1), (7364, '2021-06-24 20:42:46', 'tom', '获取数据库:ROOT/系统公有数据/教师文件/实时同步示例的内容', 1), (7365, '2021-06-24 20:43:01', 'tom', '获取数据库:ROOT/系统公有数据/教师文件/实时同步示例的内容', 1), (7366, '2021-06-24 20:43:23', 'tom', '获取数据库:ROOT/系统公有数据/教师文件/实时同步示例的内容', 1), (7367, '2021-06-24 20:43:24', 'tom', '获取数据库:ROOT/系统公有数据/教师文件/手动同步数据库的内容', 1), (7368, '2021-06-24 20:43:24', 'tom', '获取数据库:ROOT/系统公有数据/教师文件/oraDB1的内容', 1), (7369, '2021-06-24 20:43:25', 'tom', '获取数据库:ROOT/系统公有数据/教师文件/oraDB1的内容', 1), (7370, '2021-06-24 20:43:31', 'tom', 'tom展开结点:ROOT', 1), (7371, '2021-06-24 20:43:33', 'tom', 'tom展开结点:ROOT/系统公有数据', 1), (7372, '2021-06-24 20:43:34', 'tom', 'tom展开结点:ROOT/系统公有数据/教师文件', 1), (7373, '2021-06-24 20:43:36', 'tom', '获取数据库:ROOT/系统公有数据/教师文件/实时同步示例的内容', 1), (7374, '2021-06-24 20:44:31', 'tom', '获取数据库:ROOT/系统公有数据/教师文件/orDBtest1的内容', 1), (7375, '2021-06-24 20:44:32', 'tom', '获取文件:ROOT/系统公有数据/教师文件/语文成绩1的内容', 1), (7376, '2021-06-24 20:44:32', 'tom', '获取数据库:ROOT/系统公有数据/教师文件/orDBtest1的内容', 1), (7377, '2021-06-24 20:44:32', 'tom', '获取文件:ROOT/系统公有数据/教师文件/语文成绩1的内容', 1), (7378, '2021-06-24 20:44:33', 'tom', '获取数据库:ROOT/系统公有数据/教师文件/orDBtest1的内容', 1), (7379, '2021-06-24 20:44:33', 'tom', '获取数据库:ROOT/系统公有数据/教师文件/实时同步示例的内容', 1), (7380, '2021-06-24 20:44:33', 'tom', '获取数据库:ROOT/系统公有数据/教师文件/实时同步示例的内容', 1), (7381, '2021-06-24 20:44:35', 'tom', '获取数据库:ROOT/系统公有数据/教师文件/实时同步示例的内容', 1), (7382, '2021-06-24 20:45:06', 'tom', 'tom用户登录成功', 0), (7383, '2021-06-24 20:45:08', 'tom', 'tom展开结点:ROOT', 1), (7384, '2021-06-24 20:45:09', 'tom', 'tom展开结点:ROOT/系统公有数据', 1), (7385, '2021-06-24 20:45:11', 'tom', 'tom展开结点:ROOT/系统公有数据/动物', 1), (7386, '2021-06-24 20:45:13', 'tom', 'tom展开结点:ROOT/系统公有数据/学生文件', 1), (7387, '2021-06-24 20:45:14', 'tom', 'tom展开结点:ROOT/系统公有数据/教师文件', 1), (7388, '2021-06-24 20:45:16', 'tom', '获取数据库:ROOT/系统公有数据/教师文件/实时同步示例的内容', 1), (7389, '2021-06-24 20:45:40', 'tom', '获取数据库:ROOT/系统公有数据/教师文件/实时同步示例的内容', 1), (7390, '2021-06-24 20:45:41', 'tom', '获取数据库:ROOT/系统公有数据/教师文件/手动同步数据库的内容', 1), (7391, '2021-06-24 20:45:46', 'tom', '获取数据库:ROOT/系统公有数据/教师文件/实时同步示例的内容', 1), (7392, '2021-06-24 20:45:52', 'tom', '获取数据库:ROOT/系统公有数据/教师文件/手动同步数据库的内容', 1), (7393, '2021-06-24 20:45:58', 'tom', '获取数据库:ROOT/系统公有数据/教师文件/手动同步数据库的内容', 1), (7394, '2021-06-24 20:45:58', 'tom', '获取数据库:ROOT/系统公有数据/教师文件/手动同步数据库的内容', 1), (7395, '2021-06-24 20:45:59', 'tom', '获取数据库:ROOT/系统公有数据/教师文件/手动同步数据库的内容', 1), (7396, '2021-06-24 20:46:05', 'tom', '获取数据库:ROOT/系统公有数据/教师文件/手动同步数据库的内容', 1), (7397, '2021-06-24 20:46:05', 'tom', '获取数据库:ROOT/系统公有数据/教师文件/手动同步数据库的内容', 1), (7398, '2021-06-24 20:46:06', 'tom', '获取数据库:ROOT/系统公有数据/教师文件/手动同步数据库的内容', 1), (7399, '2021-06-24 20:46:07', 'tom', '获取数据库:ROOT/系统公有数据/教师文件/实时同步示例的内容', 1), (7400, '2021-06-24 20:50:26', 'tom', '获取数据库:ROOT/系统公有数据/教师文件/test2DB的内容', 1), (7401, '2021-06-24 20:50:27', 'tom', '获取数据库:ROOT/系统公有数据/教师文件/orDBtest1的内容', 1), (7402, '2021-06-24 20:50:28', 'tom', '获取数据库:ROOT/系统公有数据/教师文件/orDBtest1的内容', 1), (7403, '2021-06-24 20:50:33', 'tom', 'tom用户登录成功', 0), (7404, '2021-06-24 20:50:35', 'tom', 'tom展开结点:ROOT', 1), (7405, '2021-06-24 20:50:36', 'tom', 'tom展开结点:ROOT/系统公有数据', 1), (7406, '2021-06-24 20:50:38', 'tom', 'tom展开结点:ROOT/系统公有数据/教师文件', 1), (7407, '2021-06-24 20:50:41', 'tom', '获取数据库:ROOT/系统公有数据/教师文件/实时同步示例的内容', 1), (7408, '2021-06-24 20:50:42', 'tom', '获取数据库:ROOT/系统公有数据/教师文件/实时同步示例的内容', 1), (7409, '2021-06-24 20:50:43', 'tom', '获取数据库:ROOT/系统公有数据/教师文件/oraDB1的内容', 1), (7410, '2021-06-24 20:51:01', 'tom', '获取数据库:ROOT/系统公有数据/教师文件/实时同步示例的内容', 1), (7411, '2021-06-24 20:51:01', 'tom', '获取数据库:ROOT/系统公有数据/教师文件/实时同步示例的内容', 1), (7412, '2021-06-24 20:52:30', 'tom', '获取数据库:ROOT/系统公有数据/教师文件/实时同步示例的内容', 1), (7413, '2021-06-24 20:52:30', 'tom', '获取数据库:ROOT/系统公有数据/教师文件/oraDB1的内容', 1), (7414, '2021-06-24 20:52:31', 'tom', '获取数据库:ROOT/系统公有数据/教师文件/手动同步数据库的内容', 1), (7415, '2021-06-24 20:52:31', 'tom', '获取数据库:ROOT/系统公有数据/教师文件/实时同步示例的内容', 1), (7416, '2021-06-24 20:52:43', 'tom', '获取数据库:ROOT/系统公有数据/教师文件/实时同步示例的内容', 1), (7417, '2021-06-24 20:52:45', 'tom', '获取数据库:ROOT/系统公有数据/教师文件/orDBtest1的内容', 1), (7418, '2021-06-24 20:52:46', 'tom', '获取数据库:ROOT/系统公有数据/教师文件/实时同步示例的内容', 1), (7419, '2021-06-24 20:52:49', 'tom', '访问权限管理列表', 0), (7420, '2021-06-24 20:52:50', 'tom', '访问权限管理列表', 0), (7421, '2021-06-24 20:52:51', 'tom', '获取数据库:ROOT/系统公有数据/教师文件/实时同步示例的内容', 1), (7422, '2021-06-24 20:53:29', 'tom', '获取数据库:ROOT/系统公有数据/教师文件/实时同步示例的内容', 1), (7423, '2021-06-24 20:53:30', 'tom', '获取数据库:ROOT/系统公有数据/教师文件/oraDB1的内容', 1), (7424, '2021-06-24 20:53:30', 'tom', '获取数据库:ROOT/系统公有数据/教师文件/oraDB1的内容', 1), (7425, '2021-06-24 20:55:41', 'tom', '获取数据库:ROOT/系统公有数据/教师文件/orDBtest1的内容', 1), (7426, '2021-06-24 20:55:41', 'tom', '获取文件:ROOT/系统公有数据/教师文件/语文成绩1的内容', 1), (7427, '2021-06-24 20:55:41', 'tom', '获取数据库:ROOT/系统公有数据/教师文件/orDBtest1的内容', 1), (7428, '2021-06-24 20:55:41', 'tom', '获取数据库:ROOT/系统公有数据/教师文件/test2DB的内容', 1), (7429, '2021-06-24 20:55:42', 'tom', '获取数据库:ROOT/系统公有数据/教师文件/test2DB的内容', 1), (7430, '2021-06-24 20:55:42', 'tom', '获取数据库:ROOT/系统公有数据/教师文件/oraDB1的内容', 1), (7431, '2021-06-24 20:55:42', 'tom', '获取数据库:ROOT/系统公有数据/教师文件/test2DB的内容', 1), (7432, '2021-06-24 20:55:43', 'tom', '获取数据库:ROOT/系统公有数据/教师文件/实时同步示例的内容', 1), (7433, '2021-06-24 20:57:08', 'tom', '获取数据库:ROOT/系统公有数据/教师文件/实时同步示例的内容', 1), (7434, '2021-06-24 20:57:09', 'tom', '获取数据库:ROOT/系统公有数据/教师文件/实时同步示例的内容', 1), (7435, '2021-06-24 20:57:09', 'tom', '获取数据库:ROOT/系统公有数据/教师文件/实时同步示例的内容', 1), (7436, '2021-06-24 20:57:10', 'tom', '获取数据库:ROOT/系统公有数据/教师文件/实时同步示例的内容', 1), (7437, '2021-06-24 21:01:54', 'tom', '获取数据库:ROOT/系统公有数据/教师文件/实时同步示例的内容', 1), (7438, '2021-06-24 21:01:55', 'tom', '获取数据库:ROOT/系统公有数据/教师文件/实时同步示例的内容', 1), (7439, '2021-06-24 21:01:55', 'tom', '获取数据库:ROOT/系统公有数据/教师文件/实时同步示例的内容', 1), (7440, '2021-06-24 21:01:55', 'tom', '获取数据库:ROOT/系统公有数据/教师文件/oraDB1的内容', 1), (7441, '2021-06-24 21:01:56', 'tom', '获取数据库:ROOT/系统公有数据/教师文件/oraDB1的内容', 1), (7442, '2021-06-24 21:17:25', 'tom', '获取数据库:ROOT/系统公有数据/教师文件/test2DB的内容', 1), (7443, '2021-06-24 21:17:25', 'tom', '获取数据库:ROOT/系统公有数据/教师文件/test2DB的内容', 1), (7444, '2021-06-24 21:17:26', 'tom', '获取数据库:ROOT/系统公有数据/教师文件/实时同步示例的内容', 1), (7445, '2021-06-24 21:17:27', 'tom', '获取数据库:ROOT/系统公有数据/教师文件/orDBtest1的内容', 1), (7446, '2021-06-24 21:17:49', 'tom', '获取数据库:ROOT/系统公有数据/教师文件/实时同步示例的内容', 1), (7447, '2021-06-24 21:17:50', 'tom', '获取数据库:ROOT/系统公有数据/教师文件/手动同步数据库的内容', 1), (7448, '2021-06-24 21:17:50', 'tom', '获取数据库:ROOT/系统公有数据/教师文件/手动同步数据库的内容', 1), (7449, '2021-06-24 21:18:01', 'tom', '获取数据库:ROOT/系统公有数据/教师文件/实时同步示例的内容', 1), (7450, '2021-06-24 21:18:09', 'tom', '获取数据库:ROOT/系统公有数据/教师文件/手动同步数据库的内容', 1), (7451, '2021-06-24 21:18:21', 'tom', '获取数据库:ROOT/系统公有数据/教师文件/手动同步数据库的内容', 1), (7452, '2021-06-24 21:18:28', 'tom', '获取数据库:ROOT/系统公有数据/教师文件/手动同步数据库的内容', 1), (7453, '2021-06-24 21:18:29', 'tom', '获取数据库:ROOT/系统公有数据/教师文件/test2DB的内容', 1), (7454, '2021-06-24 21:18:29', 'tom', '获取数据库:ROOT/系统公有数据/教师文件/oraDB1的内容', 1), (7455, '2021-06-24 21:18:29', 'tom', '获取数据库:ROOT/系统公有数据/教师文件/实时同步示例的内容', 1), (7456, '2021-06-24 21:18:30', 'tom', '获取数据库:ROOT/系统公有数据/教师文件/手动同步数据库的内容', 1), (7457, '2021-06-24 21:18:30', 'tom', '获取数据库:ROOT/系统公有数据/教师文件/实时同步示例的内容', 1), (7458, '2021-06-24 21:18:35', 'tom', '获取数据库:ROOT/系统公有数据/教师文件/实时同步示例的内容', 1), (7459, '2021-06-24 21:18:36', 'tom', '获取数据库:ROOT/系统公有数据/教师文件/实时同步示例的内容', 1), (7460, '2021-06-24 21:18:36', 'tom', '获取数据库:ROOT/系统公有数据/教师文件/手动同步数据库的内容', 1), (7461, '2021-06-24 21:18:37', 'tom', '获取数据库:ROOT/系统公有数据/教师文件/手动同步数据库的内容', 1), (7462, '2021-06-24 21:18:38', 'tom', '获取数据库:ROOT/系统公有数据/教师文件/实时同步示例的内容', 1), (7463, '2021-06-24 21:18:39', 'tom', '获取数据库:ROOT/系统公有数据/教师文件/实时同步示例的内容', 1), (7464, '2021-06-24 21:18:45', 'tom', '获取数据库:ROOT/系统公有数据/教师文件/手动同步数据库的内容', 1), (7465, '2021-06-24 21:18:50', 'tom', '获取数据库:ROOT/系统公有数据/教师文件/实时同步示例的内容', 1), (7466, '2021-06-24 21:19:12', 'tom', '获取数据库:ROOT/系统公有数据/教师文件/实时同步示例的内容', 1), (7467, '2021-06-24 21:19:12', 'tom', '获取数据库:ROOT/系统公有数据/教师文件/实时同步示例的内容', 1), (7468, '2021-06-24 21:19:53', 'tom', '获取数据库:ROOT/系统公有数据/教师文件/实时同步示例的内容', 1), (7469, '2021-06-24 21:19:54', 'tom', '获取数据库:ROOT/系统公有数据/教师文件/实时同步示例的内容', 1), (7470, '2021-06-24 21:19:55', 'tom', '获取数据库:ROOT/系统公有数据/教师文件/实时同步示例的内容', 1), (7471, '2021-06-24 21:19:56', 'tom', '获取数据库:ROOT/系统公有数据/教师文件/手动同步数据库的内容', 1), (7472, '2021-06-24 21:19:56', 'tom', '获取数据库:ROOT/系统公有数据/教师文件/手动同步数据库的内容', 1), (7473, '2021-06-24 21:19:57', 'tom', '获取数据库:ROOT/系统公有数据/教师文件/实时同步示例的内容', 1), (7474, '2021-06-24 21:20:10', 'tom', '获取数据库:ROOT/系统公有数据/教师文件/实时同步示例的内容', 1), (7475, '2021-06-24 21:20:22', 'tom', '获取数据库:ROOT/系统公有数据/教师文件/实时同步示例的内容', 1), (7476, '2021-06-24 21:20:25', 'tom', '获取数据库:ROOT/系统公有数据/教师文件/手动同步数据库的内容', 1), (7477, '2021-06-24 21:20:38', 'tom', '获取数据库:ROOT/系统公有数据/教师文件/实时同步示例的内容', 1), (7478, '2021-06-24 21:20:38', 'tom', '获取数据库:ROOT/系统公有数据/教师文件/手动同步数据库的内容', 1), (7479, '2021-06-24 21:20:41', 'tom', '获取数据库:ROOT/系统公有数据/教师文件/手动同步数据库的内容', 1), (7480, '2021-06-24 21:21:26', 'tom', '获取数据库:ROOT/系统公有数据/教师文件/手动同步数据库的内容', 1), (7481, '2021-06-24 21:21:27', 'tom', '获取数据库:ROOT/系统公有数据/教师文件/手动同步数据库的内容', 1), (7482, '2021-06-24 21:21:30', 'tom', '获取数据库:ROOT/系统公有数据/教师文件/手动同步数据库的内容', 1), (7483, '2021-06-24 21:21:31', 'tom', '获取数据库:ROOT/系统公有数据/教师文件/手动同步数据库的内容', 1), (7484, '2021-06-24 21:21:32', 'tom', '获取数据库:ROOT/系统公有数据/教师文件/实时同步示例的内容', 1), (7485, '2021-06-24 21:21:34', 'tom', '获取数据库:ROOT/系统公有数据/教师文件/实时同步示例的内容', 1), (7486, '2021-06-24 21:21:35', 'tom', '获取数据库:ROOT/系统公有数据/教师文件/手动同步数据库的内容', 1), (7487, '2021-06-24 21:21:35', 'tom', '获取数据库:ROOT/系统公有数据/教师文件/手动同步数据库的内容', 1), (7488, '2021-06-24 21:21:35', 'tom', '获取数据库:ROOT/系统公有数据/教师文件/手动同步数据库的内容', 1), (7489, '2021-06-24 21:21:38', 'tom', '获取数据库:ROOT/系统公有数据/教师文件/手动同步数据库的内容', 1), (7490, '2021-06-24 21:22:04', 'tom', '手动更新nodeROOT/系统公有数据/教师文件/手动同步数据库的缓存数据', 1), (7491, '2021-06-24 21:22:06', 'tom', '获取数据库:ROOT/系统公有数据/教师文件/手动同步数据库的内容', 1), (7492, '2021-06-24 21:22:51', 'tom', '手动更新nodeROOT/系统公有数据/教师文件/手动同步数据库的缓存数据', 1), (7493, '2021-06-24 21:22:54', 'tom', '获取数据库:ROOT/系统公有数据/教师文件/手动同步数据库的内容', 1), (7494, '2021-06-24 21:28:20', 'tom', 'tom用户登录成功', 0), (7495, '2021-06-24 21:28:22', 'tom', 'tom展开结点:ROOT', 1), (7496, '2021-06-24 21:28:24', 'tom', 'tom展开结点:ROOT/系统公有数据', 1), (7497, '2021-06-24 21:28:25', 'tom', 'tom展开结点:ROOT/系统公有数据/教师文件', 1), (7498, '2021-06-24 21:28:26', 'tom', '获取数据库:ROOT/系统公有数据/教师文件/手动同步数据库的内容', 1), (7499, '2021-06-24 21:28:27', 'tom', '获取数据库:ROOT/系统公有数据/教师文件/手动同步数据库的内容', 1), (7500, '2021-06-24 21:28:28', 'tom', '获取数据库:ROOT/系统公有数据/教师文件/手动同步数据库的内容', 1), (7501, '2021-06-24 21:28:29', 'tom', '获取数据库:ROOT/系统公有数据/教师文件/手动同步数据库的内容', 1), (7502, '2021-06-24 21:28:29', 'tom', '获取数据库:ROOT/系统公有数据/教师文件/手动同步数据库的内容', 1), (7503, '2021-06-24 21:29:08', 'tom', '手动更新nodeROOT/系统公有数据/教师文件/手动同步数据库的缓存数据', 1), (7504, '2021-06-24 21:29:11', 'tom', '获取数据库:ROOT/系统公有数据/教师文件/手动同步数据库的内容', 1), (7505, '2021-06-24 21:30:19', 'tom', '开启HTTP数据服务', 1), (7506, '2021-06-24 21:30:29', 'tom', '开启HTTP数据服务', 1), (7507, '2021-06-24 21:30:30', 'tom', '开启TCP数据服务', 1), (7508, '2021-06-24 21:30:40', 'tom', '开启TCP数据服务', 1), (7509, '2021-06-24 21:30:41', 'tom', '开启WebService数据服务', 1), (7510, '2021-06-24 21:30:41', 'tom', '开启HTTP数据服务', 1), (7511, '2021-06-24 21:30:42', 'tom', '开启TCP数据服务', 1), (7512, '2021-06-24 21:32:29', 'tom', '开启TCP数据服务', 1), (7513, '2021-06-24 21:32:30', 'tom', '开启HTTP数据服务', 1), (7514, '2021-06-24 21:32:30', 'tom', '开启WebService数据服务', 1), (7515, '2021-06-25 11:36:24', 'tom', 'tom用户登录成功', 0), (7516, '2021-06-25 11:36:26', 'tom', 'tom展开结点:ROOT', 1), (7517, '2021-06-25 11:36:27', 'tom', 'tom展开结点:ROOT/系统公有数据', 1), (7518, '2021-06-25 11:36:28', 'tom', 'tom展开结点:ROOT/系统公有数据/动物', 1), (7519, '2021-06-25 11:36:28', 'tom', '获取文件:ROOT/系统公有数据/动物/猫的内容', 1), (7520, '2021-06-25 11:36:29', 'tom', '获取文件:ROOT/系统公有数据/动物/狗的内容', 1), (7521, '2021-06-25 11:36:29', 'tom', '获取文件:ROOT/系统公有数据/动物/鹰的内容', 1), (7522, '2021-06-25 12:04:14', 'tom', 'tom用户登录成功', 0), (7523, '2021-06-25 12:04:15', 'tom', 'tom展开结点:ROOT', 1), (7524, '2021-06-25 12:04:16', 'tom', 'tom展开结点:ROOT/系统公有数据', 1), (7525, '2021-06-25 12:04:17', 'tom', 'tom展开结点:ROOT/系统公有数据/动物', 1), (7526, '2021-06-25 12:04:18', 'tom', '获取文件:ROOT/系统公有数据/动物/猫的内容', 1), (7527, '2021-06-25 12:04:18', 'tom', '获取文件:ROOT/系统公有数据/动物/狗的内容', 1), (7528, '2021-06-25 12:04:18', 'tom', '获取文件:ROOT/系统公有数据/动物/鹰的内容', 1), (7529, '2021-06-25 12:04:19', 'tom', '获取文件:ROOT/系统公有数据/动物/虎的内容', 1), (7530, '2021-06-25 12:04:20', 'tom', 'tom展开结点:ROOT/系统公有数据/教师文件', 1), (7531, '2021-06-25 12:04:20', 'tom', '获取数据库:ROOT/系统公有数据/教师文件/手动同步数据库的内容', 1), (7532, '2021-06-25 12:04:22', 'tom', '获取数据库:ROOT/系统公有数据/教师文件/手动同步数据库的内容', 1), (7533, '2021-06-25 12:04:23', 'tom', '获取数据库:ROOT/系统公有数据/教师文件/实时同步示例的内容', 1), (7534, '2021-06-25 12:04:26', 'tom', '获取数据库:ROOT/系统公有数据/教师文件/手动同步数据库的内容', 1), (7535, '2021-06-25 12:04:27', 'tom', '获取数据库:ROOT/系统公有数据/教师文件/手动同步数据库的内容', 1), (7536, '2021-06-25 12:04:28', 'tom', '获取数据库:ROOT/系统公有数据/教师文件/实时同步示例的内容', 1), (7537, '2021-06-25 12:04:44', 'tom', '对ROOT/系统公有数据/教师文件/实时同步示例进行管道式操作', 1), (7538, '2021-06-25 12:04:58', 'Lucy', 'Lucy用户登录成功', 0), (7539, '2021-06-25 12:05:01', 'Lucy', 'Lucy展开结点:ROOT', 1), (7540, '2021-06-25 12:05:03', 'Lucy', 'Lucy展开结点:ROOT/系统公有数据', 1), (7541, '2021-06-25 12:05:04', 'Lucy', 'Lucy展开结点:ROOT/系统公有数据/动物', 1), (7542, '2021-06-25 12:05:07', 'Lucy', 'Lucy展开结点:ROOT/被授权数据(私有)', 1), (7543, '2021-06-25 12:05:08', 'Lucy', '获取文件:ROOT/被授权数据(私有)/语文成绩1的内容', 1), (7544, '2021-06-25 15:11:33', 'tom', 'tom用户登录成功', 0), (7545, '2021-06-25 15:11:42', 'tom', 'tom用户登录成功', 0), (7546, '2021-06-25 15:11:58', 'super', 'super用户登录成功', 0), (7547, '2021-06-25 15:12:05', 'super', 'super用户登录成功', 0), (7548, '2021-06-25 15:12:09', 'super', 'super用户登录成功', 0), (7549, '2021-06-25 15:12:11', 'super', 'super展开结点:ROOT', 1), (7550, '2021-06-25 15:12:13', 'super', '访问权限管理列表', 0), (7551, '2021-06-25 15:12:15', 'super', '访问权限管理列表', 0), (7552, '2021-06-25 15:12:43', 'Bob', 'Bob用户登录成功', 0), (7553, '2021-06-25 15:12:45', 'Bob', 'Bob展开结点:ROOT', 1), (7554, '2021-06-25 15:12:46', 'Bob', 'Bob展开结点:ROOT/系统公有数据', 1), (7555, '2021-06-25 15:12:47', 'Bob', 'Bob展开结点:ROOT/系统公有数据/动物', 1), (7556, '2021-06-25 15:12:50', 'Bob', 'Bob展开结点:ROOT/系统公有数据/教师文件', 1), (7557, '2021-06-25 15:12:58', 'Bob', 'Bob展开结点:ROOT/被授权数据(私有)', 1), (7558, '2021-06-25 15:12:59', 'Bob', 'Bob展开结点:ROOT/被授权数据(私有)/Bob的文件夹1', 1), (7559, '2021-06-25 22:19:39', 'tom', 'tom用户登录成功', 0), (7560, '2021-06-25 22:19:45', 'tom', 'tom用户登录成功', 0), (7561, '2021-06-25 22:19:47', 'tom', 'tom展开结点:ROOT', 1), (7562, '2021-06-25 22:19:48', 'tom', 'tom展开结点:ROOT/系统公有数据', 1), (7563, '2021-06-25 22:19:49', 'tom', 'tom展开结点:ROOT/系统公有数据/动物', 1), (7564, '2021-06-25 22:19:50', 'tom', '获取文件:ROOT/系统公有数据/动物/狗的内容', 1), (7565, '2021-06-25 22:19:51', 'tom', '获取文件:ROOT/系统公有数据/动物/猫的内容', 1), (7566, '2021-06-25 22:19:52', 'tom', 'tom展开结点:ROOT/系统公有数据/植物', 1), (7567, '2021-06-25 22:19:53', 'tom', 'tom展开结点:ROOT/系统公有数据/植物/蔬菜文件', 1), (7568, '2021-06-25 22:19:54', 'tom', '获取文件:ROOT/系统公有数据/植物/蔬菜文件/白菜的内容', 1), (7569, '2021-06-25 22:19:54', 'tom', '获取文件:ROOT/系统公有数据/植物/蔬菜文件/玉米的内容', 1), (7570, '2021-06-25 22:21:13', 'Bob', 'Bob用户登录成功', 0), (7571, '2021-06-25 22:21:15', 'Bob', 'Bob展开结点:ROOT', 1), (7572, '2021-06-25 22:21:16', 'Bob', 'Bob展开结点:ROOT/系统公有数据', 1), (7573, '2021-06-25 22:23:09', 'super', 'super用户登录成功', 0), (7574, '2021-06-25 22:23:17', 'super', 'super用户登录成功', 0), (7575, '2021-06-25 22:23:22', 'super', 'super用户登录成功', 0), (7576, '2021-06-25 22:23:25', 'super', 'super展开结点:ROOT', 1), (7577, '2021-06-25 22:23:26', 'super', 'super展开结点:ROOT/系统公有数据', 1), (7578, '2021-06-25 22:23:27', 'super', 'super展开结点:ROOT/系统公有数据/动物', 1), (7579, '2021-06-25 22:23:28', 'super', '获取文件:ROOT/系统公有数据/动物/猫的内容', 1), (7580, '2021-06-25 22:23:28', 'super', '获取文件:ROOT/系统公有数据/动物/狗的内容', 1), (7581, '2021-06-25 22:23:28', 'super', '获取文件:ROOT/系统公有数据/动物/虎的内容', 1), (7582, '2021-06-25 22:23:29', 'super', '获取文件:ROOT/系统公有数据/动物/鹰的内容', 1), (7583, '2021-06-25 22:23:31', 'super', 'super展开结点:ROOT/系统公有数据/植物', 1), (7584, '2021-06-25 22:23:32', 'super', 'super展开结点:ROOT/系统公有数据/植物/蔬菜文件', 1), (7585, '2021-06-25 22:23:32', 'super', '获取文件:ROOT/系统公有数据/植物/蔬菜文件/白菜的内容', 1), (7586, '2021-06-25 22:23:33', 'super', '获取文件:ROOT/系统公有数据/植物/蔬菜文件/玉米的内容', 1), (7587, '2021-06-25 22:23:33', 'super', 'super展开结点:ROOT/系统公有数据/植物/水果文件', 1), (7588, '2021-06-25 22:23:33', 'super', '获取文件:ROOT/系统公有数据/植物/水果文件/苹果的内容', 1), (7589, '2021-06-25 22:52:06', 'tom', 'tom用户登录成功', 0), (7590, '2021-06-25 22:52:08', 'tom', 'tom展开结点:ROOT', 1), (7591, '2021-06-25 22:52:09', 'tom', 'tom展开结点:ROOT/系统公有数据', 1), (7592, '2021-06-25 22:52:15', 'tom', 'tom展开结点:ROOT/被授权数据(私有)', 1);
COMMIT;

-- ----------------------------
-- Table structure for node
-- ----------------------------
DROP TABLE IF EXISTS `node`;
CREATE TABLE `node`  (
  `id` int(0) NOT NULL AUTO_INCREMENT,
  `name` varchar(255) CHARACTER SET utf8 COLLATE utf8_general_ci DEFAULT NULL,
  `type` int(0) DEFAULT NULL,
  `shared` tinyint(1) DEFAULT NULL,
  `cache` tinyint(1) DEFAULT NULL,
  `keywords` varchar(255) CHARACTER SET utf8 COLLATE utf8_general_ci DEFAULT NULL,
  `synopsis` varchar(255) CHARACTER SET utf8 COLLATE utf8_general_ci DEFAULT NULL,
  `create_time` varchar(255) CHARACTER SET utf8 COLLATE utf8_general_ci DEFAULT NULL,
  PRIMARY KEY (`id`) USING BTREE
) ENGINE = InnoDB AUTO_INCREMENT = 875 CHARACTER SET = utf8 COLLATE = utf8_general_ci;

-- ----------------------------
-- Records of node
-- ----------------------------
BEGIN;
INSERT INTO `node` VALUES (1, 'ROOT', 0, NULL, NULL, NULL, NULL, NULL), (2, '系统公有数据', 1, 0, 0, NULL, NULL, '2021-06-22 16:54:15'), (376, '被授权数据(私有)', 1, 0, 0, NULL, NULL, NULL), (463, '西红柿', 3, 0, 0, '西红柿', '西红柿', NULL), (465, '虎', 3, 0, 0, '虎', '老虎', NULL), (507, '猫', 3, 0, 0, '猫', '布偶猫', NULL), (607, 'excel1', 2, 0, 0, 'excel', 'excel', NULL), (670, 'excel2', 6, 0, 0, 'excel', 'excel', NULL), (698, 'excel均值示例', 6, 0, 0, 'excel', '均值', NULL), (723, '数学成绩.xlsx', 6, 0, 0, NULL, NULL, NULL), (725, '数学成绩', 6, 0, 0, '数学', '学生成绩', NULL), (731, 'dbtable5429.txt', 2, 0, 0, NULL, NULL, NULL), (735, 'dbtable1405.txt', 2, 0, 0, NULL, NULL, NULL), (736, 'dbtable5083.txt', 2, 0, 0, NULL, NULL, NULL), (738, 'dbtable8432.txt', 2, 0, 0, NULL, NULL, NULL), (740, 'dbtable5813.txt', 2, 0, 0, NULL, NULL, NULL), (799, '动物', 1, 0, 0, NULL, NULL, NULL), (800, '猫', 3, 0, 0, '猫', '布偶猫', NULL), (801, '狗', 3, 0, 0, 'dog', '可爱的狗', NULL), (802, '鹰', 3, 0, 0, '鹰keywords', '老鹰', NULL), (803, '虎', 3, 0, 0, '虎', '老虎', NULL), (804, '植物', 1, 0, 0, NULL, NULL, NULL), (805, '水果文件', 1, 0, 0, NULL, NULL, NULL), (806, '苹果', 3, 0, 0, '苹果,水果,植物', '苹果图片', NULL), (807, '西瓜的视频', 5, 0, 0, '西瓜,视频', '西瓜的视频', NULL), (808, '樱桃', 3, 0, 0, '樱桃', '樱桃', NULL), (809, '椰子', 3, 0, 0, '椰子', '椰子', NULL), (810, '草莓', 3, 0, 0, '草莓', '草莓', NULL), (811, '蓝莓', 3, 0, 0, '蓝莓', '蓝莓', NULL), (812, '香蕉', 3, 0, 0, '香蕉', '香蕉', NULL), (813, '橘子', 3, 0, 0, '橘子', '橘子', NULL), (814, '芒果', 3, 0, 0, '芒果', '芒果', NULL), (815, '石榴', 3, 0, 0, '石榴', '石榴', NULL), (816, '蔬菜文件', 1, 0, 0, NULL, NULL, NULL), (817, '白菜', 3, 0, 0, '蔬菜，白菜', '好吃的白菜，补充维生素', NULL), (818, '玉米', 3, 0, 0, '玉米', '玉米', NULL), (819, '土豆', 3, 0, 0, '土豆，植物，蔬菜', '土豆', NULL), (820, '大蒜', 3, 0, 0, '大蒜', '大蒜', NULL), (821, '西红柿', 3, 0, 0, '西红柿', '西红柿', NULL), (823, '教师文件', 1, 0, 0, NULL, NULL, NULL), (824, '学生文件', 1, 0, 0, NULL, NULL, NULL), (825, '学习成绩', 1, 0, 0, NULL, NULL, NULL), (826, '语文成绩.txt', 2, 0, 0, '', '', NULL), (827, '数学成绩.xlsx', 6, 0, 0, '数学', '学生成绩', NULL), (828, '计算机成绩', 2, 0, 0, '计算机', '成绩', NULL), (829, '社会实践', 1, 0, 0, NULL, NULL, NULL), (830, '手动同步数据库', 11, 0, 1, '手动', '同步', NULL), (831, '实时同步示例', 11, 0, 1, '实时', '同步', NULL), (832, 'oraDB1', 11, 0, 0, 'oracle', '数据库', NULL), (833, 'test2DB', 11, 0, 0, '数据库', 'mysql数据库', NULL), (834, 'orDBtest1', 11, 0, 0, 'oracle35', 'oracle数据库', NULL), (835, '语文成绩1', 2, 0, 0, '1', '1', NULL), (836, 'dbtable5479.txt', 2, 0, 0, NULL, NULL, NULL), (837, 'dbtable5895.txt', 2, 0, 0, NULL, NULL, NULL), (838, 'dbtable3695.txt', 2, 0, 0, NULL, NULL, NULL), (839, 'dbtable5348.txt', 2, 0, 0, NULL, NULL, NULL), (840, 'dbtable916.txt', 2, 0, 0, NULL, NULL, NULL), (843, 'Bob的文件夹1', 1, 0, 0, NULL, NULL, '2021-06-22 19:50:17'), (844, '语文成绩1', 2, 0, 0, '1', '1', NULL), (845, '语文成绩1', 2, 0, 0, '1', '1', NULL), (846, '语文成绩1', 2, 0, 0, '1', '1', NULL), (847, '语文成绩1', 2, 0, 0, '1', '1', NULL), (848, '蔬菜文件', 1, 0, 0, NULL, NULL, NULL), (849, '白菜', 3, 0, 0, '蔬菜，白菜', '好吃的白菜，补充维生素', NULL), (850, '玉米', 3, 0, 0, '玉米', '玉米', NULL), (851, '土豆', 3, 0, 0, '土豆，植物，蔬菜', '土豆', NULL), (852, '大蒜', 3, 0, 0, '大蒜', '大蒜', NULL), (853, '西红柿', 3, 0, 0, '西红柿', '西红柿', NULL), (854, '蔬菜文件', 1, 0, 0, NULL, NULL, NULL), (855, '白菜', 3, 0, 0, '蔬菜，白菜', '好吃的白菜，补充维生素', NULL), (856, '玉米', 3, 0, 0, '玉米', '玉米', NULL), (857, '土豆', 3, 0, 0, '土豆，植物，蔬菜', '土豆', NULL), (858, '大蒜', 3, 0, 0, '大蒜', '大蒜', NULL), (859, '西红柿', 3, 0, 0, '西红柿', '西红柿', NULL), (860, '蔬菜文件', 1, 0, 0, NULL, NULL, NULL), (861, '白菜', 3, 0, 0, '蔬菜，白菜', '好吃的白菜，补充维生素', NULL), (862, '玉米', 3, 0, 0, '玉米', '玉米', NULL), (863, '土豆', 3, 0, 0, '土豆，植物，蔬菜', '土豆', NULL), (864, '大蒜', 3, 0, 0, '大蒜', '大蒜', NULL), (865, '西红柿', 3, 0, 0, '西红柿', '西红柿', NULL), (866, '西瓜的视频', 5, 0, 0, '西瓜,视频', '西瓜的视频', NULL), (867, '西瓜的视频', 5, 0, 0, '西瓜,视频', '西瓜的视频', NULL), (868, '橘子', 3, 0, 0, '橘子', '橘子', NULL), (869, '语文成绩1', 2, 0, 0, '1', '1', NULL), (870, '鹰', 3, 0, 0, '鹰keywords', '老鹰', NULL), (871, '数学成绩.xlsx', 6, 0, 0, '数学', '学生成绩', NULL), (872, 'test2DB', 11, 0, 0, '数据库', 'mysql数据库', NULL), (873, 'dbtable7663.txt', 2, 0, 0, NULL, NULL, NULL), (875, 'dbtable7123.txt', 2, 0, 0, NULL, NULL, NULL);
COMMIT;

-- ----------------------------
-- Table structure for node_level
-- ----------------------------
DROP TABLE IF EXISTS `node_level`;
CREATE TABLE `node_level`  (
  `id` int(0) NOT NULL,
  `level` varchar(255) CHARACTER SET utf8 COLLATE utf8_general_ci DEFAULT NULL,
  PRIMARY KEY (`id`) USING BTREE
) ENGINE = InnoDB CHARACTER SET = utf8 COLLATE = utf8_general_ci;

-- ----------------------------
-- Records of node_level
-- ----------------------------
BEGIN;
INSERT INTO `node_level` VALUES (1, '0'), (2, '1'), (376, '2'), (468, '1'), (469, '1'), (470, '1'), (506, '2'), (516, '2'), (682, '2'), (683, '2'), (749, '1'), (799, '1'), (804, '1'), (805, '1'), (816, '1'), (823, '1'), (824, '1'), (825, '1'), (829, '1'), (830, '1'), (831, '1'), (832, '1'), (833, '1'), (834, '1'), (835, '1'), (843, '2'), (844, '2'), (845, '2'), (846, '2'), (847, '2'), (848, '2'), (854, '2'), (860, '2'), (866, '2'), (867, '2'), (868, '2'), (869, '2'), (870, '2'), (872, '2');
COMMIT;

-- ----------------------------
-- Table structure for node_test
-- ----------------------------
DROP TABLE IF EXISTS `node_test`;
CREATE TABLE `node_test`  (
  `id` int(0) NOT NULL AUTO_INCREMENT,
  `name` varchar(255) CHARACTER SET utf8 COLLATE utf8_general_ci DEFAULT NULL,
  `type` int(0) DEFAULT NULL,
  `shared` tinyint(1) DEFAULT NULL,
  `cache` tinyint(1) DEFAULT NULL,
  `keywords` varchar(255) CHARACTER SET utf8 COLLATE utf8_general_ci DEFAULT NULL,
  `synopsis` varchar(255) CHARACTER SET utf8 COLLATE utf8_general_ci DEFAULT NULL,
  PRIMARY KEY (`id`) USING BTREE
) ENGINE = InnoDB AUTO_INCREMENT = 730 CHARACTER SET = utf8 COLLATE = utf8_general_ci;

-- ----------------------------
-- Records of node_test
-- ----------------------------
BEGIN;
INSERT INTO `node_test` VALUES (717, '学生文件(公有)', 1, 0, 0, NULL, NULL), (718, '教师文件(公有)', 1, 0, 0, NULL, NULL), (719, '学习成绩', 1, 0, 0, NULL, NULL), (720, '社会实践', 1, 0, 0, NULL, NULL), (721, '语文成绩.txt', 2, 0, 0, NULL, NULL), (723, '英语成绩.xlsx', 6, 0, 0, NULL, NULL), (724, '数据结构成绩.xlsx', 6, 0, 0, '数学', '学生成绩'), (725, '计算机组成原理成绩', 6, 0, 0, '数学', '学生成绩'), (726, '操作系统成绩.xlsx', 6, 0, 0, '数学', '学生成绩'), (727, '编译原理成绩.txt', 2, 0, 0, NULL, NULL), (728, 'Java程序设计成绩.xlsx', 6, 0, 0, '数学', '学生成绩'), (730, '苹果2', 3, 0, 0, '好吃restful', '苹果图片restful');
COMMIT;

-- ----------------------------
-- Table structure for pipe_result
-- ----------------------------
DROP TABLE IF EXISTS `pipe_result`;
CREATE TABLE `pipe_result`  (
  `rid` int(0) NOT NULL AUTO_INCREMENT,
  `cal_result` varchar(255) CHARACTER SET utf8 COLLATE utf8_general_ci DEFAULT NULL,
  `cal_time` varchar(255) CHARACTER SET utf8 COLLATE utf8_general_ci DEFAULT NULL,
  PRIMARY KEY (`rid`) USING BTREE
) ENGINE = InnoDB AUTO_INCREMENT = 31 CHARACTER SET = utf8 COLLATE = utf8_general_ci;

-- ----------------------------
-- Records of pipe_result
-- ----------------------------
BEGIN;
INSERT INTO `pipe_result` VALUES (1, '6.5', '2021-06-09 23:26:10'), (2, '7.0', '2021-06-10 11:52:15'), (3, '5.0', '2021-06-10 11:54:34'), (4, '5.0', '2021-06-10 11:54:37'), (5, '5.0', '2021-06-10 11:54:46'), (6, '5.0', '2021-06-10 11:54:50'), (7, '5.0', '2021-06-10 11:54:52'), (8, '5.0', '2021-06-10 11:58:22'), (9, '5.0,4.0', '2021-06-10 14:30:58'), (10, '2.0,2.0', '2021-06-10 14:31:21'), (11, '22.0', '2021-06-10 16:01:43'), (12, '1.0,5.0,2.0,6.0,2.0,6.0,3.0,5.0,3.0,7.0,8.0,5.0,4.0,8.0,5.0,6.0', '2021-06-10 16:04:41'), (13, '13.0,7.0', '2021-06-18 15:52:20'), (14, '10.75', '2021-06-18 15:59:27'), (15, '37.0', '2021-06-18 16:04:55'), (16, '220.0', '2021-06-18 16:36:36'), (17, '3.0,61.0', '2021-06-19 09:01:52'), (18, '22.0', '2021-06-19 11:29:38'), (19, '102.0', '2021-06-21 12:06:53'), (20, '102.0', '2021-06-21 12:11:15'), (21, '102.0', '2021-06-21 12:15:32'), (22, '102.0', '2021-06-21 12:17:02'), (23, '102.0', '2021-06-21 12:18:00'), (24, '89.0,13.0', '2021-06-21 12:20:45'), (25, '102.0', '2021-06-21 12:20:57'), (26, '102.0', '2021-06-21 12:23:45'), (27, '89.0,13.0', '2021-06-24 17:24:22'), (28, '5.0,7.0,7.0', '2021-06-24 20:14:00'), (29, '544.5', '2021-06-24 20:41:33'), (30, '79.75', '2021-06-24 20:42:08'), (31, '69.0', '2021-06-25 12:04:44');
COMMIT;

-- ----------------------------
-- Table structure for privilege_list
-- ----------------------------
DROP TABLE IF EXISTS `privilege_list`;
CREATE TABLE `privilege_list`  (
  `prvid` int(0) NOT NULL AUTO_INCREMENT,
  `createfolder` varchar(255) CHARACTER SET utf8 COLLATE utf8_general_ci DEFAULT NULL,
  `createleaf` varchar(255) CHARACTER SET utf8 COLLATE utf8_general_ci DEFAULT NULL,
  `editdata` varchar(255) CHARACTER SET utf8 COLLATE utf8_general_ci DEFAULT NULL,
  `cut` varchar(255) CHARACTER SET utf8 COLLATE utf8_general_ci DEFAULT NULL,
  `remove_op` varchar(255) CHARACTER SET utf8 COLLATE utf8_general_ci DEFAULT NULL,
  `delete_all` varchar(255) CHARACTER SET utf8 COLLATE utf8_general_ci DEFAULT NULL,
  `delete_link` varchar(255) CHARACTER SET utf8 COLLATE utf8_general_ci DEFAULT NULL,
  `rename_op` varchar(255) CHARACTER SET utf8 COLLATE utf8_general_ci DEFAULT NULL,
  `move` varchar(255) CHARACTER SET utf8 COLLATE utf8_general_ci DEFAULT NULL,
  `append` varchar(255) CHARACTER SET utf8 COLLATE utf8_general_ci DEFAULT NULL,
  `insert_op` varchar(255) CHARACTER SET utf8 COLLATE utf8_general_ci DEFAULT NULL,
  `merge_to` varchar(255) CHARACTER SET utf8 COLLATE utf8_general_ci DEFAULT NULL,
  `merge_from` varchar(255) CHARACTER SET utf8 COLLATE utf8_general_ci DEFAULT NULL,
  `replace_op` varchar(255) CHARACTER SET utf8 COLLATE utf8_general_ci DEFAULT NULL,
  `sync_op` varchar(255) CHARACTER SET utf8 COLLATE utf8_general_ci DEFAULT NULL,
  PRIMARY KEY (`prvid`) USING BTREE
) ENGINE = InnoDB AUTO_INCREMENT = 161 CHARACTER SET = utf8 COLLATE = utf8_general_ci;

-- ----------------------------
-- Records of privilege_list
-- ----------------------------
BEGIN;
INSERT INTO `privilege_list` VALUES (132, 'true', 'true', 'true', 'true', 'true', 'true', 'true', 'true', 'true', 'true', 'true', 'true', 'true', 'true', 'true'), (133, 'true', 'true', 'true', 'false', 'true', 'false', 'false', 'false', 'false', 'false', 'false', 'false', 'false', 'false', 'false'), (134, 'true', 'true', 'true', 'false', 'true', 'false', 'false', 'false', 'false', 'false', 'false', 'false', 'false', 'false', 'false'), (135, 'true', 'true', 'true', 'true', 'true', 'false', 'false', 'false', 'false', 'false', 'false', 'false', 'false', 'false', 'false'), (136, 'true', 'true', 'true', 'true', 'true', 'false', 'false', 'true', 'false', 'false', 'false', 'false', 'false', 'false', 'false'), (137, 'false', 'false', 'false', 'false', 'false', 'false', 'false', 'false', 'false', 'false', 'false', 'false', 'false', 'false', 'false'), (138, 'true', 'false', 'false', 'false', 'true', 'false', 'false', 'false', 'false', 'false', 'false', 'false', 'false', 'false', 'false'), (139, 'true', 'false', 'false', 'false', 'true', 'false', 'false', 'false', 'false', 'false', 'false', 'false', 'false', 'false', 'false'), (140, 'false', 'false', 'false', 'false', 'false', 'false', 'false', 'false', 'false', 'false', 'false', 'false', 'false', 'false', 'false'), (141, 'false', 'false', 'false', 'false', 'false', 'false', 'false', 'false', 'false', 'false', 'false', 'false', 'false', 'false', 'false'), (142, 'false', 'false', 'false', 'false', 'false', 'false', 'false', 'false', 'false', 'false', 'false', 'false', 'false', 'false', 'false'), (143, 'false', 'false', 'false', 'false', 'false', 'false', 'false', 'false', 'false', 'false', 'false', 'false', 'false', 'false', 'false'), (144, 'false', 'false', 'false', 'false', 'false', 'false', 'false', 'false', 'false', 'false', 'false', 'false', 'false', 'false', 'false'), (145, 'true', 'false', 'false', 'false', 'true', 'false', 'false', 'false', 'false', 'false', 'false', 'false', 'false', 'false', 'false'), (146, 'true', 'false', 'false', 'false', 'true', 'false', 'false', 'false', 'false', 'false', 'false', 'false', 'false', 'false', 'false'), (147, 'true', 'false', 'false', 'false', 'true', 'false', 'false', 'false', 'false', 'false', 'false', 'false', 'false', 'false', 'false'), (148, 'true', 'false', 'false', 'false', 'true', 'false', 'false', 'false', 'false', 'false', 'false', 'false', 'false', 'false', 'false'), (149, 'true', 'false', 'false', 'false', 'true', 'false', 'false', 'false', 'false', 'false', 'false', 'false', 'false', 'false', 'false'), (150, 'true', 'false', 'false', 'false', 'true', 'false', 'false', 'false', 'false', 'false', 'false', 'false', 'false', 'false', 'false'), (151, 'true', 'false', 'false', 'false', 'true', 'false', 'false', 'false', 'false', 'false', 'false', 'false', 'false', 'false', 'false'), (152, 'true', 'false', 'false', 'false', 'true', 'false', 'false', 'false', 'false', 'false', 'false', 'false', 'false', 'false', 'false'), (153, 'true', 'false', 'false', 'false', 'true', 'false', 'false', 'false', 'false', 'false', 'false', 'false', 'false', 'false', 'false'), (154, 'true', 'false', 'false', 'false', 'true', 'false', 'false', 'false', 'false', 'false', 'false', 'false', 'false', 'false', 'false'), (155, 'true', 'true', 'true', 'false', 'true', 'false', 'false', 'true', 'false', 'false', 'false', 'false', 'false', 'false', 'false'), (156, 'true', 'true', 'true', 'false', 'true', 'false', 'false', 'true', 'false', 'false', 'false', 'false', 'false', 'false', 'false'), (157, 'true', 'true', 'true', 'false', 'true', 'false', 'false', 'true', 'false', 'false', 'false', 'false', 'false', 'false', 'false'), (158, 'false', 'false', 'false', 'false', 'false', 'false', 'false', 'false', 'false', 'false', 'false', 'false', 'false', 'false', 'false'), (159, 'false', 'false', 'false', 'false', 'false', 'false', 'false', 'false', 'false', 'false', 'false', 'false', 'false', 'false', 'false'), (160, 'true', 'true', 'false', 'false', 'true', 'false', 'false', 'false', 'false', 'false', 'false', 'false', 'false', 'false', 'true');
COMMIT;

-- ----------------------------
-- Table structure for privilege_relation
-- ----------------------------
DROP TABLE IF EXISTS `privilege_relation`;
CREATE TABLE `privilege_relation`  (
  `prvid` int(0) NOT NULL,
  `id` int(0) NOT NULL,
  PRIMARY KEY (`prvid`, `id`) USING BTREE
) ENGINE = InnoDB CHARACTER SET = utf8 COLLATE = utf8_general_ci;

-- ----------------------------
-- Records of privilege_relation
-- ----------------------------
BEGIN;
INSERT INTO `privilege_relation` VALUES (132, 843), (133, 844), (134, 845), (135, 846), (136, 847), (137, 848), (138, 854), (139, 860), (140, 849), (141, 850), (142, 851), (143, 852), (144, 853), (145, 855), (146, 856), (147, 857), (148, 858), (149, 859), (150, 861), (151, 862), (152, 863), (153, 864), (154, 865), (155, 866), (156, 867), (157, 868), (158, 869), (159, 870), (160, 872);
COMMIT;

-- ----------------------------
-- Table structure for relation
-- ----------------------------
DROP TABLE IF EXISTS `relation`;
CREATE TABLE `relation`  (
  `parent` int(0) NOT NULL,
  `child` int(0) NOT NULL,
  PRIMARY KEY (`parent`, `child`) USING BTREE,
  INDEX `id`(`child`) USING BTREE,
  CONSTRAINT `relation_ibfk_1` FOREIGN KEY (`parent`) REFERENCES `node` (`id`) ON DELETE RESTRICT ON UPDATE RESTRICT,
  CONSTRAINT `relation_ibfk_2` FOREIGN KEY (`child`) REFERENCES `node` (`id`) ON DELETE RESTRICT ON UPDATE RESTRICT
) ENGINE = InnoDB CHARACTER SET = utf8 COLLATE = utf8_general_ci;

-- ----------------------------
-- Records of relation
-- ----------------------------
BEGIN;
INSERT INTO `relation` VALUES (1, 2), (1, 376), (2, 799), (799, 800), (799, 801), (799, 802), (799, 803), (2, 804), (804, 805), (805, 806), (805, 807), (805, 808), (805, 809), (805, 810), (805, 811), (805, 812), (805, 813), (805, 814), (805, 815), (804, 816), (816, 817), (816, 818), (816, 819), (816, 820), (816, 821), (2, 823), (2, 824), (824, 825), (825, 826), (825, 827), (825, 828), (824, 829), (823, 830), (823, 831), (823, 832), (823, 833), (823, 834), (823, 835), (376, 843), (376, 844), (376, 845), (376, 846), (376, 847), (376, 848), (848, 849), (848, 850), (848, 851), (848, 852), (848, 853), (376, 854), (854, 855), (854, 856), (854, 857), (854, 858), (854, 859), (376, 860), (860, 861), (860, 862), (860, 863), (860, 864), (860, 865), (376, 866), (376, 867), (376, 868), (376, 869), (376, 870), (376, 872);
COMMIT;

-- ----------------------------
-- Table structure for remind_relation
-- ----------------------------
DROP TABLE IF EXISTS `remind_relation`;
CREATE TABLE `remind_relation`  (
  `id` int(0) NOT NULL,
  `start_hour` varchar(255) CHARACTER SET utf8 COLLATE utf8_general_ci DEFAULT NULL,
  `start_minute` varchar(255) CHARACTER SET utf8 COLLATE utf8_general_ci DEFAULT NULL,
  `end_hour` varchar(255) CHARACTER SET utf8 COLLATE utf8_general_ci DEFAULT NULL,
  `end_minute` varchar(255) CHARACTER SET utf8 COLLATE utf8_general_ci DEFAULT NULL,
  PRIMARY KEY (`id`) USING BTREE
) ENGINE = InnoDB CHARACTER SET = utf8 COLLATE = utf8_general_ci;

-- ----------------------------
-- Records of remind_relation
-- ----------------------------
BEGIN;
INSERT INTO `remind_relation` VALUES (443, '0', '0', '0', '0'), (651, '12', '51', '13', '51'), (653, '21', '19', '21', '19'), (667, '8', '39', '8', '39'), (669, '8', '55', '8', '55'), (672, '0', '51', '23', '51'), (673, '1', '0', '22', '17'), (676, '14', '42', '14', '42'), (679, '1', '40', '22', '40'), (696, '14', '21', '14', '21'), (697, '14', '22', '14', '22'), (699, '14', '24', '14', '24'), (700, '14', '27', '14', '27'), (701, '10', '32', '19', '33'), (702, '11', '24', '23', '24'), (721, NULL, NULL, NULL, NULL), (722, NULL, NULL, NULL, NULL), (724, '9', '0', '9', '0'), (729, '12', '14', '12', '14'), (730, '23', '3', '23', '3'), (737, '15', '47', '15', '47'), (739, '15', '56', '15', '56'), (741, '0', '0', '0', '0'), (744, '11', '43', '11', '43'), (830, '19', '29', '23', '29'), (831, '5', '57', '23', '59');
COMMIT;

-- ----------------------------
-- Table structure for sync
-- ----------------------------
DROP TABLE IF EXISTS `sync`;
CREATE TABLE `sync`  (
  `link` int(0) NOT NULL,
  `strategy` int(0) DEFAULT NULL,
  `next` bigint(0) DEFAULT NULL,
  `intervallum` int(0) DEFAULT NULL,
  PRIMARY KEY (`link`) USING BTREE,
  CONSTRAINT `sync_ibfk_1` FOREIGN KEY (`link`) REFERENCES `node` (`id`) ON DELETE CASCADE ON UPDATE RESTRICT
) ENGINE = InnoDB CHARACTER SET = utf8 COLLATE = utf8_general_ci;

-- ----------------------------
-- Records of sync
-- ----------------------------
BEGIN;
INSERT INTO `sync` VALUES (830, 2, -1, 0), (831, 1, -1, 0);
COMMIT;

-- ----------------------------
-- Table structure for test
-- ----------------------------
DROP TABLE IF EXISTS `test`;
CREATE TABLE `test`  (
  `id` int(0) NOT NULL,
  `t1` int(0) DEFAULT NULL,
  `t2` int(0) DEFAULT NULL,
  `t3` int(0) DEFAULT NULL,
  `t4` int(0) DEFAULT NULL,
  PRIMARY KEY (`id`) USING BTREE
) ENGINE = InnoDB CHARACTER SET = utf8 COLLATE = utf8_general_ci;

-- ----------------------------
-- Records of test
-- ----------------------------
BEGIN;
INSERT INTO `test` VALUES (1, 20, 2, 5, 9), (2, 55, 4, 3, 7), (3, 5, 5, 6, 8), (4, 9, 11, 7, 19), (5, 6, 1, 2, 2), (6, 2, 2, 2, 3), (7, 1, 2, 3, 4), (8, 1, 2, 3, 4), (9, 2, 2, 1, 2), (10, 11, 2, 1, 1), (11, 2, 3, 2, 8), (12, 2, 6, 6, 8), (13, 8, 6, 6, 8);
COMMIT;

-- ----------------------------
-- Table structure for test2
-- ----------------------------
DROP TABLE IF EXISTS `test2`;
CREATE TABLE `test2`  (
  `id` int(0) NOT NULL,
  `t1` int(0) DEFAULT NULL,
  PRIMARY KEY (`id`) USING BTREE
) ENGINE = InnoDB CHARACTER SET = utf8 COLLATE = utf8_general_ci;

-- ----------------------------
-- Records of test2
-- ----------------------------
BEGIN;
INSERT INTO `test2` VALUES (1, 88), (2, 11), (3, 4);
COMMIT;

-- ----------------------------
-- Table structure for test_cycle
-- ----------------------------
DROP TABLE IF EXISTS `test_cycle`;
CREATE TABLE `test_cycle`  (
  `id` int(0) NOT NULL AUTO_INCREMENT,
  `t1` int(0) DEFAULT NULL,
  `t2` int(0) DEFAULT NULL,
  `t3` int(0) DEFAULT NULL,
  PRIMARY KEY (`id`) USING BTREE
) ENGINE = InnoDB AUTO_INCREMENT = 3 CHARACTER SET = utf8 COLLATE = utf8_general_ci;

-- ----------------------------
-- Records of test_cycle
-- ----------------------------
BEGIN;
INSERT INTO `test_cycle` VALUES (1, 2, 1, 1), (2, 3, 2, 6), (3, 9, 9, 7);
COMMIT;

-- ----------------------------
-- Table structure for user
-- ----------------------------
DROP TABLE IF EXISTS `user`;
CREATE TABLE `user`  (
  `uid` int(0) NOT NULL AUTO_INCREMENT,
  `username` varchar(255) CHARACTER SET utf8 COLLATE utf8_general_ci DEFAULT NULL,
  `password` varchar(255) CHARACTER SET utf8 COLLATE utf8_general_ci DEFAULT NULL,
  `authority` varchar(255) CHARACTER SET utf8 COLLATE utf8_general_ci DEFAULT NULL,
  PRIMARY KEY (`uid`) USING BTREE
) ENGINE = InnoDB AUTO_INCREMENT = 29 CHARACTER SET = utf8 COLLATE = utf8_general_ci;

-- ----------------------------
-- Records of user
-- ----------------------------
BEGIN;
INSERT INTO `user` VALUES (15, 'admin', '123', 'admin'), (16, 'tom', '123', 'admin'), (17, 'Bob', '123', 'reader'), (18, 'Lucy', '123', 'writer'), (19, 'Eric', '123', 'reader'), (20, 'Susan', '123', 'reader'), (21, 'Joe', '123', 'reader'), (22, 'Ada', '123', 'reader'), (23, 'Liz', '123', 'admin'), (24, 'super', '123', 'admin_super'), (26, 'Bob1', '123', 'reader'), (27, 'tom2', '123', 'reader'), (28, 'Bob2', '123', 'reader'), (29, 'Alice', '123', 'writer');
COMMIT;

-- ----------------------------
-- Table structure for user_op_authority
-- ----------------------------
DROP TABLE IF EXISTS `user_op_authority`;
CREATE TABLE `user_op_authority`  (
  `id` int(0) NOT NULL,
  `username` varchar(255) CHARACTER SET utf8 COLLATE utf8_general_ci NOT NULL,
  `op_authority` varchar(255) CHARACTER SET utf8 COLLATE utf8_general_ci DEFAULT NULL,
  `status` varchar(255) CHARACTER SET utf8 COLLATE utf8_general_ci DEFAULT NULL,
  `licensor` varchar(255) CHARACTER SET utf8 COLLATE utf8_general_ci DEFAULT NULL,
  `tabletype` int(0) DEFAULT NULL,
  `nodepath` varchar(255) CHARACTER SET utf8 COLLATE utf8_general_ci DEFAULT NULL,
  PRIMARY KEY (`id`, `username`) USING BTREE
) ENGINE = InnoDB CHARACTER SET = utf8 COLLATE = utf8_general_ci;

-- ----------------------------
-- Records of user_op_authority
-- ----------------------------
BEGIN;
INSERT INTO `user_op_authority` VALUES (843, 'Bob', 'writer', '接受', 'Bob', NULL, 'ROOT/被授权数据(私有)/Bob的文件夹1'), (844, 'Eric', 'writer', '接受', 'tom', 0, 'ROOT/被授权数据(私有)/语文成绩1'), (845, 'admin', 'writer', '接受', 'Eric', 1, 'ROOT/被授权数据(私有)/语文成绩1'), (846, 'Lucy', 'writer', '接受', 'Eric', 1, 'ROOT/被授权数据(私有)/语文成绩1'), (847, 'Bob', 'writer', '接受', 'Eric', 1, 'ROOT/被授权数据(私有)/语文成绩1'), (848, 'super', 'reader', '接受', 'Lucy', 1, 'ROOT/被授权数据(私有)/蔬菜文件'), (849, 'super', 'reader', '接受', 'Lucy', 1, 'ROOT/被授权数据(私有)/蔬菜文件/白菜'), (850, 'super', 'reader', '接受', 'Lucy', 1, 'ROOT/被授权数据(私有)/蔬菜文件/玉米'), (851, 'super', 'reader', '接受', 'Lucy', 1, 'ROOT/被授权数据(私有)/蔬菜文件/土豆'), (852, 'super', 'reader', '接受', 'Lucy', 1, 'ROOT/被授权数据(私有)/蔬菜文件/大蒜'), (853, 'super', 'reader', '接受', 'Lucy', 1, 'ROOT/被授权数据(私有)/蔬菜文件/西红柿'), (854, 'Joe', 'writer', '接受', 'Lucy', 1, 'ROOT/被授权数据(私有)/蔬菜文件'), (855, 'Joe', 'writer', '接受', 'Lucy', 1, 'ROOT/被授权数据(私有)/蔬菜文件/白菜'), (856, 'Joe', 'writer', '接受', 'Lucy', 1, 'ROOT/被授权数据(私有)/蔬菜文件/玉米'), (857, 'Joe', 'writer', '接受', 'Lucy', 1, 'ROOT/被授权数据(私有)/蔬菜文件/土豆'), (858, 'Joe', 'writer', '接受', 'Lucy', 1, 'ROOT/被授权数据(私有)/蔬菜文件/大蒜'), (859, 'Joe', 'writer', '接受', 'Lucy', 1, 'ROOT/被授权数据(私有)/蔬菜文件/西红柿'), (860, 'Alice', 'writer', '接受', 'Lucy', 1, 'ROOT/被授权数据(私有)/蔬菜文件'), (861, 'Alice', 'writer', '接受', 'Lucy', 1, 'ROOT/被授权数据(私有)/蔬菜文件/白菜'), (862, 'Alice', 'writer', '接受', 'Lucy', 1, 'ROOT/被授权数据(私有)/蔬菜文件/玉米'), (863, 'Alice', 'writer', '接受', 'Lucy', 1, 'ROOT/被授权数据(私有)/蔬菜文件/土豆'), (864, 'Alice', 'writer', '接受', 'Lucy', 1, 'ROOT/被授权数据(私有)/蔬菜文件/大蒜'), (865, 'Alice', 'writer', '接受', 'Lucy', 1, 'ROOT/被授权数据(私有)/蔬菜文件/西红柿'), (866, 'Alice', 'writer', '接受', 'admin', 0, 'ROOT/被授权数据(私有)/西瓜的视频'), (867, 'tom', 'writer', '接受', 'admin', 0, 'ROOT/被授权数据(私有)/西瓜的视频'), (868, 'super', 'writer', '接受', 'admin', 0, 'ROOT/被授权数据(私有)/橘子'), (869, 'super', 'reader', '接受', 'Bob', 1, 'ROOT/被授权数据(私有)/语文成绩1'), (870, 'super', 'reader', '接受', 'Alice', 1, 'ROOT/被授权数据(私有)/鹰'), (872, 'Bob1', 'writer', '接受', 'tom', 0, 'ROOT/被授权数据(私有)/test2DB');
COMMIT;

-- ----------------------------
-- Table structure for wait_confirm
-- ----------------------------
DROP TABLE IF EXISTS `wait_confirm`;
CREATE TABLE `wait_confirm`  (
  `id` int(0) NOT NULL,
  `name` varchar(255) CHARACTER SET utf8 COLLATE utf8_general_ci DEFAULT NULL,
  `username` varchar(255) CHARACTER SET utf8 COLLATE utf8_general_ci DEFAULT NULL,
  `licensor` varchar(255) CHARACTER SET utf8 COLLATE utf8_general_ci DEFAULT NULL,
  PRIMARY KEY (`id`) USING BTREE
) ENGINE = InnoDB CHARACTER SET = utf8 COLLATE = utf8_general_ci;

-- ----------------------------
-- Table structure for wait_mail
-- ----------------------------
DROP TABLE IF EXISTS `wait_mail`;
CREATE TABLE `wait_mail`  (
  `wmid` int(0) NOT NULL AUTO_INCREMENT,
  `id` int(0) NOT NULL,
  `e_to` varchar(255) CHARACTER SET utf8 COLLATE utf8_general_ci DEFAULT NULL,
  `e_subject` varchar(255) CHARACTER SET utf8 COLLATE utf8_general_ci DEFAULT NULL,
  `e_content` varchar(255) CHARACTER SET utf8 COLLATE utf8_general_ci DEFAULT NULL,
  PRIMARY KEY (`wmid`, `id`) USING BTREE
) ENGINE = InnoDB AUTO_INCREMENT = 41 CHARACTER SET = utf8 COLLATE = utf8_general_ci;

SET FOREIGN_KEY_CHECKS = 1;
